Symbol,Series,Date,Prev Close,Open Price,High Price,Low Price,Last Price,Close Price,Average Price,Total Traded Quantity,Turnover,No. of Trades
SBIN,EQ,28-Dec-17,314.85,315.3,316.5,307.65,308.3,308.4,310.67,20353152,6323020585,112379
SBIN,EQ,29-Dec-17,308.4,310,312,309.05,310,309.9,310.39,11939569,3705904666,98011
SBIN,EQ,01-Jan-18,309.9,310.6,312.75,306.3,306.75,307.1,309.08,12182400,3765314889,75769
SBIN,EQ,02-Jan-18,307.1,309,309,301.35,303,303.25,304,14797364,4498328483,100195
SBIN,EQ,03-Jan-18,303.25,305.3,306.45,302.15,302.8,302.85,304.32,13857373,4217070489,117207
SBIN,EQ,04-Jan-18,302.85,304.5,310.2,303.15,309.25,308.5,307.63,24517099,7542211203,140513
SBIN,EQ,05-Jan-18,308.5,311.4,311.4,305.6,307.25,306.35,308.05,14580575,4491543989,91829
SBIN,EQ,08-Jan-18,306.35,307.2,309.5,305,306.05,305.8,306.58,13557197,4156338432,108289
SBIN,EQ,09-Jan-18,305.8,307.5,309.5,303.3,303.9,304.3,305.88,15574755,4763934527,110914
SBIN,EQ,10-Jan-18,304.3,304.65,305.85,300,301.05,301.1,302.25,13064599,3948825009,122547
SBIN,EQ,11-Jan-18,301.1,300.9,303,300,302.15,302.2,301.97,12299087,3713982807,93067
SBIN,EQ,12-Jan-18,302.2,304.65,304.65,300.55,302.5,302.25,302.54,17594228,5322941476,101812
SBIN,EQ,15-Jan-18,302.25,303.95,305.25,301.55,302.4,302.6,303.54,18189668,5521232963,166873
SBIN,EQ,16-Jan-18,302.6,302.4,303.35,295.3,297.2,296.15,299.15,18040940,5396948551,152490
SBIN,EQ,17-Jan-18,296.15,296,308.4,292.6,308.1,307.1,302.54,26277307,7950009847,206178
SBIN,EQ,18-Jan-18,307.1,315,317.8,300.5,304.8,303.25,309.57,40000111,12382743470,224468
SBIN,EQ,19-Jan-18,303.25,303.95,310,302.5,308.8,309.25,307.18,18461642,5671084211,113020
SBIN,EQ,22-Jan-18,309.25,308.35,308.75,304.05,306.3,306.5,306.55,12622645,3869442515,95105
SBIN,EQ,23-Jan-18,306.5,306.4,320.55,306.35,318.55,318.1,313.81,35252217,11062384635,251611
SBIN,EQ,24-Jan-18,318.1,317.7,331.6,316.2,330.45,329.9,323.97,38070520,12333761888,256952
SBIN,EQ,25-Jan-18,329.9,332.75,332.75,311.85,311.9,313.15,317.75,42466150,13493553239,247996
SBIN,EQ,29-Jan-18,313.15,313.15,316.9,311,313,312.1,313.59,23600898,7401009350,137291
SBIN,EQ,30-Jan-18,312.1,312.05,318.85,311,313.5,313.55,314.86,25810404,8126695766,152647
SBIN,EQ,31-Jan-18,313.55,313,316.6,307.85,314.5,313.25,312.32,16409938,5125207141,122582
SBIN,EQ,01-Feb-18,313.25,316.9,317.4,305,305.4,306.05,310.67,19515991,6063026766,163804
SBIN,EQ,02-Feb-18,306.05,302.9,305.75,295.5,295.8,297.35,300.07,23274673,6984012072,156709
SBIN,EQ,05-Feb-18,297.35,292.65,300.4,290,299,298.05,295.64,18940578,5599667759,134857
SBIN,EQ,06-Feb-18,298.05,285,297.3,282.9,294.6,291.75,289.73,30577218,8859222866,241764
SBIN,EQ,07-Feb-18,291.75,296.6,297.9,290,292.1,292.8,293.38,21463818,6297080225,161931
SBIN,EQ,08-Feb-18,292.8,292.9,303.3,292.55,302.25,301.4,298.6,18932796,5653382509,125388
SBIN,EQ,09-Feb-18,301.4,297,300.6,295,295.4,296.4,297.71,15750824,4689107088,116844
SBIN,EQ,12-Feb-18,296.4,288.25,292.4,285.15,290.1,288.75,289.3,50839665,14707862290,317117
SBIN,EQ,14-Feb-18,288.75,288.7,288.7,275,275.5,276.2,280.99,45641149,12824620931,327073
SBIN,EQ,15-Feb-18,276.2,274.8,282.3,274.25,279.1,278.7,279.14,26058237,7273787834,174992
SBIN,EQ,16-Feb-18,278.7,280.5,281.2,270.05,271.4,271.65,273.95,30338112,8310986402,246246
SBIN,EQ,19-Feb-18,271.65,271.5,272,256.65,269.6,268.5,263.87,43847791,11570187947,298814
SBIN,EQ,20-Feb-18,268.5,269,274.2,264.8,269.5,269.65,269.54,33458021,9018342750,183760
SBIN,EQ,21-Feb-18,269.65,272.2,274.1,267.4,273.15,273.3,271.18,23714454,6430819672,146297
SBIN,EQ,22-Feb-18,273.3,270.4,273.6,269.45,272.5,272.6,272.38,25584062,6968689324,127523
SBIN,EQ,23-Feb-18,272.6,273.45,277.2,272.5,276.4,276.05,275.6,15482147,4266815890,125599
SBIN,EQ,26-Feb-18,276.05,280,280,273.85,274.3,274.45,275.75,15306032,4220575082,112427
SBIN,EQ,27-Feb-18,274.45,273,275.9,265.95,267.7,267.6,269.55,20824909,5613362242,153426
SBIN,EQ,28-Feb-18,267.6,264.25,269.7,260.8,267.95,268,266.14,26810799,7135336060,185589
SBIN,EQ,01-Mar-18,268,266.3,270,261.25,262.2,262.15,264.62,22859175,6049016897,173004
SBIN,EQ,05-Mar-18,262.15,260.45,265,258.75,263.15,263.5,262.51,18484565,4852294099,146913
SBIN,EQ,06-Mar-18,263.5,265.85,266,255,255.35,256.55,261.43,20778164,5431995775,147230
SBIN,EQ,07-Mar-18,256.55,255.05,255.35,246.05,246.7,246.65,248.97,31262500,7783271192,180424
SBIN,EQ,08-Mar-18,246.65,247,257.95,244.3,256.65,256.8,251.48,33133336,8332437262,171219
SBIN,EQ,09-Mar-18,256.8,257,257.4,251.65,253.65,253.25,253.89,21536191,5467877286,131269
SBIN,EQ,12-Mar-18,253.25,254.1,255.25,247.25,253.55,252.85,250.26,25332474,6339809855,131673
SBIN,EQ,13-Mar-18,252.85,251.3,262.4,249.6,254.1,254.7,257.1,37647221,9679284350,181837
SBIN,EQ,14-Mar-18,254.7,252.5,257.85,250,257.8,257.05,253.76,25471485,6463746575,131180
SBIN,EQ,15-Mar-18,257.05,257,258.8,252.55,253.25,253.7,255.63,18339890,4688276847,90568
SBIN,EQ,16-Mar-18,253.7,250.65,255.7,250.1,252.7,252.3,253.17,25728297,6513583560,150302
SBIN,EQ,19-Mar-18,252.3,252.9,253.6,246.1,247.9,247.95,248.8,18167594,4520035975,112744
SBIN,EQ,20-Mar-18,247.95,246.85,252.25,245.35,250,249.1,249.43,20556571,5127356465,127033
SBIN,EQ,21-Mar-18,249.1,251.75,254.3,247.1,247.45,248,251.2,19533972,4906986304,103548
SBIN,EQ,22-Mar-18,248,247,247.35,240.65,241.5,241.55,243.47,26828240,6531830043,169794
SBIN,EQ,23-Mar-18,241.55,237.8,239.65,232.35,234.7,234.8,234.77,27150262,6374113934,205532
SBIN,EQ,26-Mar-18,234.8,234.75,247.85,234.25,247.2,246.5,241.69,30373940,7341009624,191534
SBIN,EQ,27-Mar-18,246.5,250,255.5,248,253.4,254.35,252.05,31205051,7865111417,186644
SBIN,EQ,28-Mar-18,254.35,252,256.2,248.7,249.25,249.9,251.61,36673566,9227549855,167989
SBIN,EQ,02-Apr-18,249.9,251.8,252,244.9,246,246.15,247.21,14993188,3706522223,107701
SBIN,EQ,03-Apr-18,246.15,249.55,252.8,248.25,250.95,250.5,250.35,19883309,4977777337,113047
SBIN,EQ,04-Apr-18,250.5,251.7,253,245.5,246.7,247.3,249.33,18824449,4693472178,109181
SBIN,EQ,05-Apr-18,247.3,252.6,261.9,250,260.8,259.3,255,22880821,5834535910,154532
SBIN,EQ,06-Apr-18,259.3,259.65,261.45,254.85,258.75,259.7,258.38,24868860,6425622725,187342
SBIN,EQ,09-Apr-18,259.7,260.65,262.75,257.6,259.85,260.65,260.74,20208874,5269269034,122085
SBIN,EQ,10-Apr-18,260.65,261.1,265,258.5,263.15,263.3,261.62,21201141,5546737417,128190
SBIN,EQ,11-Apr-18,263.3,263,263,256.3,257.4,257.05,258.33,14885838,3845480566,99011
SBIN,EQ,12-Apr-18,257.05,257.5,257.5,252.25,253.9,253.8,254.2,18660913,4743665845,102493
SBIN,EQ,13-Apr-18,253.8,254,255.95,249.7,250.8,250.95,252.57,25654020,6479417245,123494
SBIN,EQ,16-Apr-18,250.95,249.35,251.3,247.1,249,249,249.11,16408377,4087502697,91738
SBIN,EQ,17-Apr-18,249,251.4,252.5,246.6,248.15,248.15,249.5,15922452,3972609555,101479
SBIN,EQ,18-Apr-18,248.15,249.5,249.9,245.3,247,246.45,247.67,16142387,3997987082,137163
SBIN,EQ,19-Apr-18,246.45,247.1,248.45,245.2,246.7,246.15,246.67,13166927,3247907090,79014
SBIN,EQ,20-Apr-18,246.15,245.85,245.85,239.5,241.85,241.2,241.56,15546939,3755498695,115151
SBIN,EQ,23-Apr-18,241.2,241.9,244.85,239.3,242.4,242.45,242.55,12111837,2937773832,75286
SBIN,EQ,24-Apr-18,242.45,242,243.4,239.6,240.7,240.6,241.32,9486349,2289252618,69116
SBIN,EQ,25-Apr-18,240.6,239.7,240.75,236.75,237.5,237.2,238.78,13124853,3134016873,83988
SBIN,EQ,26-Apr-18,237.2,238.4,238.8,232.5,233.25,233.2,234.73,24495144,5749736202,151982
SBIN,EQ,27-Apr-18,233.2,233.25,245.8,233.25,243.2,242.6,242.46,31401889,7613775144,203123
SBIN,EQ,30-Apr-18,242.6,244.8,249.7,244.5,246.05,246.4,247.11,17263193,4265822592,102753
SBIN,EQ,02-May-18,246.4,245.9,246.3,239.75,241.2,241,242.08,12887066,3119704302,96574
SBIN,EQ,03-May-18,241,240.95,243.4,238.75,241.6,241.9,241.21,12939642,3121136581,82594
SBIN,EQ,04-May-18,241.9,243.5,243.9,240.35,241.75,241.95,242.15,12777310,3094082510,69129
SBIN,EQ,07-May-18,241.95,242.45,248.2,242.05,247.2,246.5,245.59,15122614,3713934996,93517
SBIN,EQ,08-May-18,246.5,248,252.6,244.6,250.3,250.05,249.25,23293920,5806000776,138529
SBIN,EQ,09-May-18,250.05,249.8,249.8,246.3,248.1,248,247.83,11429823,2832630206,66742
SBIN,EQ,10-May-18,248,248.25,250.2,246.3,247.1,247.95,247.98,13160967,3263722258,72818
SBIN,EQ,11-May-18,247.95,247.6,251.6,246.05,250.8,250.35,248.66,11958589,2973624794,64606
SBIN,EQ,14-May-18,250.35,249.95,255.8,248.15,252.4,253.6,253.57,18673849,4735131637,97405
SBIN,EQ,15-May-18,253.6,253,257.45,245.9,246.55,248,252.61,18026861,4553828069,114730
SBIN,EQ,16-May-18,248,245.5,248.7,240.6,242.9,243.1,244.2,17222004,4205592220,103543
SBIN,EQ,17-May-18,243.1,244.2,246,241.15,242.55,242.7,244.1,11721064,2861108093,73063
SBIN,EQ,18-May-18,242.7,243,244,237.85,239.6,238.85,240.29,11873041,2852923902,110146
SBIN,EQ,21-May-18,238.85,243.55,245.75,240.3,244.5,244.45,243.18,18780730,4567025698,112369
SBIN,EQ,22-May-18,244.45,243.65,259.7,241,255.7,253.9,250.57,68713602,17217750570,363023
SBIN,EQ,23-May-18,253.9,254.65,269.75,254.3,263.45,263.2,265.25,71202072,18886291768,422897
SBIN,EQ,24-May-18,263.2,263.85,269.7,260.65,268.8,268.5,266.17,34679642,9230555943,184520
SBIN,EQ,25-May-18,268.5,267.8,268.4,262.55,267,266.95,265.26,22317308,5919849331,135789
SBIN,EQ,28-May-18,266.95,267.4,274.2,266.05,271.95,272.05,270.84,18959368,5134879730,134180
SBIN,EQ,29-May-18,272.05,270.5,270.95,262.8,263.65,264.3,266.1,16107543,4286244459,115411
SBIN,EQ,30-May-18,264.3,260.5,268,259.95,266.95,267.15,264.32,19320209,5106785147,108400
SBIN,EQ,31-May-18,267.15,266.85,274.8,263.15,270,269.55,267.78,31935892,8551910934,152047
SBIN,EQ,01-Jun-18,269.55,269.25,269.8,264.6,267,266.7,266.65,16574717,4419690026,130807
SBIN,EQ,04-Jun-18,266.7,268,268.35,261.3,263.2,263,264.38,12933824,3419501659,88328
SBIN,EQ,05-Jun-18,263,260.9,265.25,260.9,263.25,263.55,263.48,14102731,3715720448,121807
SBIN,EQ,06-Jun-18,263.55,263,271.4,262.2,270.25,270.15,267.41,18315171,4897656563,138946
SBIN,EQ,07-Jun-18,270.15,271.05,272.9,268.4,269.55,269.65,270.87,18773700,5085315658,116128
SBIN,EQ,08-Jun-18,269.65,268.95,273.9,267,273,273,270.5,14096549,3813112967,93897
SBIN,EQ,11-Jun-18,273,273.3,278.4,273.15,273.6,274,276.37,18219428,5035305157,141047
SBIN,EQ,12-Jun-18,274,274,284.4,274,284,282.85,279.19,31358021,8754912652,214059
SBIN,EQ,13-Jun-18,282.85,284,289.65,283.65,287.3,287.7,287.25,26748300,7683432202,252647
SBIN,EQ,14-Jun-18,287.7,286.55,286.55,281.3,282.85,282.6,282.97,18513730,5238798930,123178
SBIN,EQ,15-Jun-18,282.6,282.75,283.45,276.6,277.85,277.45,279.23,16949917,4732905446,116041
SBIN,EQ,18-Jun-18,277.45,278,279.75,275.45,276.6,276.85,277.04,13542420,3751802372,113699
SBIN,EQ,19-Jun-18,276.85,276,276.7,269.75,272.5,272.6,273.05,20726975,5659492919,112990
SBIN,EQ,20-Jun-18,272.6,273.2,274.75,271.1,273.2,273.3,273,14002946,3822759465,99962
SBIN,EQ,21-Jun-18,273.3,274.75,274.75,268.1,268.8,268.65,270.59,12954943,3505449721,118737
SBIN,EQ,22-Jun-18,268.65,269,273.7,265.75,273,273.05,270.13,20784133,5614420823,189076
SBIN,EQ,25-Jun-18,273.05,271.85,273.15,267.2,268.5,268.45,270.3,10934401,2955598080,90277
SBIN,EQ,26-Jun-18,268.45,267.25,271.2,265.4,267,267.4,268.27,16867009,4524935020,105136
SBIN,EQ,27-Jun-18,267.4,267.35,267.35,261,261.05,261.7,263.58,16277655,4290453842,96681
SBIN,EQ,28-Jun-18,261.7,260.4,262,255.7,257.6,257,258.17,21349738,5511935976,123640
SBIN,EQ,29-Jun-18,257,258.25,263.45,258.2,259.2,259.35,260.91,16244724,4238478682,158728
SBIN,EQ,02-Jul-18,259.35,258.95,261.75,254,260,258.85,257.62,21896701,5641044088,125980
SBIN,EQ,03-Jul-18,258.85,259.6,260.9,256.4,258,257.5,258.07,16099030,4154623857,92458
SBIN,EQ,04-Jul-18,257.5,255.75,258.35,254.5,257.4,257.45,256.66,14206935,3646328371,100359
SBIN,EQ,05-Jul-18,257.45,257.9,258.7,255.15,256.6,256.45,256.98,11215032,2882060428,80185
SBIN,EQ,06-Jul-18,256.45,256.1,260.8,255.55,256.55,257.2,258.29,16174019,4177593668,129539
SBIN,EQ,09-Jul-18,257.2,258.2,262.4,257.95,261.35,261.55,260.67,13220744,3446188707,108471
SBIN,EQ,10-Jul-18,261.55,263.85,265.75,262.4,263.2,263.75,264.4,11487165,3037245609,97898
SBIN,EQ,11-Jul-18,263.75,262.65,262.65,257.9,259.05,259.1,259.68,12857179,3338775885,82878
SBIN,EQ,12-Jul-18,259.1,261.4,264.5,261.15,262,262.75,263.07,10642215,2799695907,89222
SBIN,EQ,13-Jul-18,262.75,262.1,262.4,256.8,257.35,257.75,258.26,11976239,3093017367,86192
SBIN,EQ,16-Jul-18,257.75,257,257.5,251,251.1,251.6,253.33,8965623,2271251195,69096
SBIN,EQ,17-Jul-18,251.6,250.7,259.85,250.45,258.95,259.05,254.84,16067598,4094594111,130839
SBIN,EQ,18-Jul-18,259.05,260.1,262.5,256.15,260.5,259.55,259.11,17641125,4571016126,104122
SBIN,EQ,19-Jul-18,259.55,259.4,263.5,256.2,260.3,260.2,260.67,9958284,2595782909,73048
SBIN,EQ,20-Jul-18,260.2,259.9,263,258.55,262.7,261.5,261.28,6120163,1599087720,48921
SBIN,EQ,23-Jul-18,261.5,262,267.5,260.6,266.6,266.35,263.69,17013119,4486111462,90699
SBIN,EQ,24-Jul-18,266.35,267.2,269.2,265.55,266.65,266.85,267.44,9320281,2492636063,90287
SBIN,EQ,25-Jul-18,266.85,268,272.85,265.65,271.35,271.85,269.11,13099277,3525203615,102919
SBIN,EQ,26-Jul-18,271.85,275.1,289.4,274.2,289.25,287.7,283.14,53496546,15147160237,310433
SBIN,EQ,27-Jul-18,287.7,289.5,297,285.1,286.55,286.75,290.46,32175436,9345552307,220319
SBIN,EQ,30-Jul-18,286.75,289.2,299.55,289.2,296.5,297.4,296.67,40949610,12148359328,268957
SBIN,EQ,31-Jul-18,297.4,297,302.4,291.8,293.6,293.5,296.17,36510328,10813312086,254603
SBIN,EQ,01-Aug-18,293.5,294.5,298,288.35,294.3,295.1,292.95,33885474,9926744009,181159
SBIN,EQ,02-Aug-18,295.1,293,296.4,290.55,294,293.9,294.02,15665209,4605847684,104001
SBIN,EQ,03-Aug-18,293.9,294.6,299.95,294.5,299.9,299.25,297.3,18254462,5427128723,114223
SBIN,EQ,06-Aug-18,299.25,300.6,311.35,300.6,308.9,308.5,307.52,31576923,9710678524,204045
SBIN,EQ,07-Aug-18,308.5,309.85,311.7,303.05,303.9,304.05,306.47,23929123,7333537261,128953
SBIN,EQ,08-Aug-18,304.05,304.05,310.9,303.05,309.85,308.7,306.82,20498279,6289345453,117900
SBIN,EQ,09-Aug-18,308.7,312.95,319.85,310.15,317.65,317.4,316.25,46464355,14694257497,243879
SBIN,EQ,10-Aug-18,317.4,317.65,326.4,300.5,302.7,304.45,313.3,111510771,34935877724,565857
SBIN,EQ,13-Aug-18,304.45,296,302.8,291.1,296.7,294.15,295.95,58127432,17203092198,256293
SBIN,EQ,14-Aug-18,294.15,296.7,298.95,293.35,295,294.9,295.85,25294933,7483493517,156944
SBIN,EQ,16-Aug-18,294.9,293.5,298.4,290.25,293,292.7,294.21,31083900,9145252871,150833
SBIN,EQ,17-Aug-18,292.7,295,302.7,294.05,302.2,302.1,298.51,21931134,6546643267,157302
SBIN,EQ,20-Aug-18,302.1,304.1,308.7,303.6,307.6,307.65,306.04,20240462,6194434181,188475
SBIN,EQ,21-Aug-18,307.65,308.3,308.85,303.35,307.1,307,305.65,14139592,4321728675,115293
SBIN,EQ,23-Aug-18,307,306.95,306.95,298.3,302.45,302.45,302.26,22721004,6867573579,163137
SBIN,EQ,24-Aug-18,302.45,300.6,305.7,299,300.6,300.45,301.58,18869585,5690666055,167126
SBIN,EQ,27-Aug-18,300.45,304,310.35,303.3,306.95,308,307.92,28111768,8656283075,178623
SBIN,EQ,28-Aug-18,308,308.05,310.25,303.4,305.8,305.35,305.76,16890236,5164353821,125093
SBIN,EQ,29-Aug-18,305.35,306.8,312,305.75,309.85,309.7,309.64,24320824,7530680131,168632
SBIN,EQ,30-Aug-18,309.7,309.3,310.5,306,308.9,308.6,307.95,19935935,6139213577,112027
SBIN,EQ,31-Aug-18,308.6,307.9,310.65,304.55,310.3,309.6,307.85,18100140,5572062957,105308
SBIN,EQ,03-Sep-18,309.6,312.5,312.5,304.8,305.65,306.35,310.1,14708076,4560944744,94708
SBIN,EQ,04-Sep-18,306.35,306.8,307.45,295.45,296.25,296.4,303.13,42859084,12991766170,149148
SBIN,EQ,05-Sep-18,296.4,296.5,298.85,290.4,296.9,296.55,295.18,22922686,6766403146,148306
SBIN,EQ,06-Sep-18,296.55,298,299.85,294.5,294.9,296.45,297.34,18001336,5352603390,111206
SBIN,EQ,07-Sep-18,296.45,295.9,295.9,289.45,291.1,291.65,291.75,23716678,6919285169,150105
SBIN,EQ,10-Sep-18,291.65,290.65,293.25,283.8,284.5,284.85,287.9,23354395,6723742578,146448
SBIN,EQ,11-Sep-18,284.85,287.35,291.45,281.65,282,282.6,287.14,28361400,8143774016,164245
SBIN,EQ,12-Sep-18,282.6,284,286.7,280,285.85,285.3,283.62,22717796,6443164747,147354
SBIN,EQ,14-Sep-18,285.3,290.1,291.8,288.7,290.65,290.65,290.29,15149585,4397839262,101589
SBIN,EQ,17-Sep-18,290.65,288.5,288.5,284.1,285.1,285.3,285.73,16089996,4597425846,97436
SBIN,EQ,18-Sep-18,285.3,285,286.9,272.4,273.6,273.8,277.31,33901000,9401220053,177012
SBIN,EQ,19-Sep-18,273.8,275.4,282.85,270.5,271.15,271.5,273.54,40759431,11149465641,219193
SBIN,EQ,21-Sep-18,271.5,274.2,279.45,253.4,270.45,270.6,272.26,39308482,10701950601,218461
SBIN,EQ,24-Sep-18,270.6,272.7,273,262.6,263.35,264.35,266.54,24633374,6565808187,124419
SBIN,EQ,25-Sep-18,264.35,264,272.95,260.8,272.5,270.9,265.54,28948831,7687199315,182855
SBIN,EQ,26-Sep-18,270.9,274,274,262.75,263,263.85,266.42,23951904,6381336197,155258
SBIN,EQ,27-Sep-18,263.85,264.5,268.6,263.75,265.5,265.35,266.3,24829383,6612125475,124638
SBIN,EQ,28-Sep-18,265.35,266.4,273.5,262.5,265.5,265.5,268.19,33803139,9065796801,183277
SBIN,EQ,01-Oct-18,265.5,265.5,275.2,264.1,274.1,273.85,268.85,17711738,4761798327,138561
SBIN,EQ,03-Oct-18,273.85,273.35,278.7,270.6,271.5,271.7,274.04,19714943,5402756515,123868
SBIN,EQ,04-Oct-18,271.7,267.95,272.7,265.7,269.4,271.35,269.48,17754204,4784466877,104521
SBIN,EQ,05-Oct-18,271.35,271,271,256,258.3,258.35,264.55,36628643,9690254318,210659
SBIN,EQ,08-Oct-18,258.35,259.75,268.5,258.35,266,265.75,262.3,21100804,5534651742,146549
SBIN,EQ,09-Oct-18,265.75,268,268.15,260,262.75,262.95,263.56,16010883,4219788575,117931
SBIN,EQ,10-Oct-18,262.95,261.6,280.45,261.2,277.3,278.65,271.41,31772330,8623328612,174117
SBIN,EQ,11-Oct-18,278.65,268,271.5,260.6,261.7,262.15,263.79,46291120,12211095759,263698
SBIN,EQ,12-Oct-18,262.15,266,267.9,261.5,263.7,263.75,265.06,42967696,11389044524,197824
SBIN,EQ,15-Oct-18,263.75,264.4,265.7,261.1,263.15,263.2,262.91,21965859,5775047466,137105
SBIN,EQ,16-Oct-18,263.2,264.6,270.85,263.35,270.35,270.3,267.89,33597068,9000309796,158126
SBIN,EQ,17-Oct-18,270.3,273.75,275,260,261,261.15,266.57,21631573,5766275183,173764
SBIN,EQ,19-Oct-18,261.15,259.7,264.2,258.1,261.15,261.1,260.66,28474307,7422011214,198786
SBIN,EQ,22-Oct-18,261.1,266,266,259.45,260,260.35,263.03,19933462,5243182229,139531
SBIN,EQ,23-Oct-18,260.35,258,259,255,255.9,255.65,256.83,20206307,5189677167,129664
SBIN,EQ,24-Oct-18,255.65,260.25,261.8,252.8,255.9,255.7,257.4,25636533,6598833672,128911
SBIN,EQ,25-Oct-18,255.7,254.5,255,248.4,250.65,249.55,250.37,33066232,8278823316,206019
SBIN,EQ,26-Oct-18,249.55,252,252.5,247.4,247.9,248.1,250.07,20543437,5137210164,126405
SBIN,EQ,29-Oct-18,248.1,250,269.25,248.4,267.5,267.9,262.11,37768359,9899444883,235624
SBIN,EQ,30-Oct-18,267.9,267.5,279.1,266,273.9,273.15,274.64,33401683,9173495498,241590
SBIN,EQ,31-Oct-18,273.15,275,282.75,268.6,280.75,281.4,275.87,28137370,7762268067,196431
SBIN,EQ,01-Nov-18,281.4,283,289,278.85,285.65,285.9,285.01,29144808,8306695739,191818
SBIN,EQ,02-Nov-18,285.9,287.9,292.8,283.2,285.55,285.35,288.62,27760214,8012223291,176838
SBIN,EQ,05-Nov-18,285.35,286.45,300,283.5,296.1,294.95,292,44619891,13029192577,274735
SBIN,EQ,06-Nov-18,294.95,296.1,298.3,283.9,285.25,286.45,289.58,40688243,11782390356,255219
SBIN,EQ,07-Nov-18,286.45,288.9,288.9,285.95,287,286.55,286.71,3312160,949638746.6,31229
SBIN,EQ,09-Nov-18,286.55,287,287.5,282.45,283.1,283.25,284.58,19201007,5464240981,152877
SBIN,EQ,12-Nov-18,283.25,283.7,283.7,276.85,277.2,277.95,279.74,24044907,6726349319,122013
SBIN,EQ,13-Nov-18,277.95,276.3,279.7,273.35,279.4,278.05,276.23,25633628,7080764174,121432
SBIN,EQ,14-Nov-18,278.05,280.4,287.7,278,283.05,283.6,282.5,52674807,14880476328,194345
SBIN,EQ,15-Nov-18,283.6,283.85,287.05,281.15,285,285.4,284.37,18445463,5245258479,128213
SBIN,EQ,16-Nov-18,285.4,285.9,291.8,282.6,291.55,290.9,287.94,24805910,7142510554,163592
SBIN,EQ,19-Nov-18,290.9,293.5,293.5,286.05,288.05,288.15,288.82,13799970,3985755514,96893
SBIN,EQ,20-Nov-18,288.15,285.9,288.55,282.5,282.6,283.45,285.14,12900924,3678578975,92016
SBIN,EQ,21-Nov-18,283.45,283.45,289.55,283.05,286.5,287.05,286.74,16167419,4635888120,116591
SBIN,EQ,22-Nov-18,287.05,285.95,287.05,281.6,282.65,282.7,284.33,12066797,3430976458,100389
SBIN,EQ,26-Nov-18,282.7,284.1,287.25,279.6,286.5,286.4,283.47,16846820,4775579759,140976
SBIN,EQ,27-Nov-18,286.4,284.6,290.5,284.05,289,289.4,287.89,21242956,6115669737,145650
SBIN,EQ,28-Nov-18,289.4,289.4,292.45,283,284,284.55,288.74,19837609,5727988599,150289
SBIN,EQ,29-Nov-18,284.55,289.3,289.65,284.25,288,286.4,287.09,27919104,8015209289,130270
SBIN,EQ,30-Nov-18,286.4,288.8,290.9,283.2,284.05,284.65,286.52,17583510,5037966586,112488
SBIN,EQ,03-Dec-18,284.65,286.7,287.9,283.25,287.1,286.8,285.68,15772176,4505743736,88152
SBIN,EQ,04-Dec-18,286.8,287.95,287.95,281.9,282.6,282.55,284.69,11897307,3387070129,86407
SBIN,EQ,05-Dec-18,282.55,282.45,283.2,277.05,280.2,280.15,281.13,14893748,4187061676,101310
SBIN,EQ,06-Dec-18,280.15,278,279.25,275.1,275.6,275.65,276.5,11083451,3064568591,78787
SBIN,EQ,07-Dec-18,275.65,277,277.35,272.1,276,275.4,274.83,10165275,2793742930,84832
SBIN,EQ,10-Dec-18,275.4,271,276.4,270.15,274.35,274.2,273.76,11947887,3270865311,95048
SBIN,EQ,11-Dec-18,274.2,268.35,283.25,268.35,281.75,281.25,277.93,30927239,8595645307,159532
SBIN,EQ,12-Dec-18,281.25,283.75,285.85,282.2,285.3,285.25,284.28,21765939,6187707317,140224
SBIN,EQ,13-Dec-18,285.25,290,294,285.75,288.85,289,290.37,24097152,6997127767,169352
SBIN,EQ,14-Dec-18,289,288.5,290.8,287.05,288.7,289.2,288.88,12156361,3511708338,99288
SBIN,EQ,17-Dec-18,289.2,289.3,291.45,287.3,290.25,289.5,289.32,12728014,3682476865,78521
SBIN,EQ,18-Dec-18,289.5,287.85,294,287,293.9,292.75,290.48,13606582,3952499772,109081
SBIN,EQ,19-Dec-18,292.75,294.7,302,294.7,299.5,300.7,299.22,26124125,7816899023,197180
SBIN,EQ,20-Dec-18,300.7,298.35,301.65,293.15,294,294.05,297.78,19222232,5723960954,136911
SBIN,EQ,21-Dec-18,294.05,293.65,296.5,290.8,292,291.9,293.22,15777301,4626286443,110956
SBIN,EQ,24-Dec-18,291.9,293.5,295,290.15,293.5,293.05,292.6,12048877,3525491705,91297
SBIN,EQ,26-Dec-18,293.05,292.85,295,287.15,294.55,294.15,290.87,12684324,3689453768,80935
SBIN,EQ,27-Dec-18,294.15,296.7,297.6,291.5,293.3,292.15,294.03,15304564,4500069546,92770
SBIN,EQ,28-Dec-18,292.15,293.6,297.1,293.55,294.45,294.8,295.43,12876558,3804109941,85894
SBIN,EQ,31-Dec-18,294.8,297.2,298.25,295.5,295.65,295.9,296.5,9526067,2824442939,81758
SBIN,EQ,01-Jan-19,295.9,297.5,300.7,293.85,300.7,299.6,296.77,11837127,3512877020,69723
SBIN,EQ,02-Jan-19,299.6,299.1,302.5,293.1,293.8,293.9,298.2,25559853,7622009958,162196
SBIN,EQ,03-Jan-19,293.9,295,295.55,290.1,291.05,291.1,292.87,17548347,5139324197,110626
SBIN,EQ,04-Jan-19,291.1,292.1,299,291.5,297.3,297.65,296.18,19514041,5779686252,142962
SBIN,EQ,07-Jan-19,297.65,301.05,301.5,295.2,296.55,296.3,298.25,14579399,4348321236,113554
SBIN,EQ,08-Jan-19,296.3,295.8,306,294.75,305.5,305.3,301.96,22949961,6929908002,161941
SBIN,EQ,09-Jan-19,305.3,306,307.1,300.75,304.75,305.3,304.37,21109911,6425242058,153567
SBIN,EQ,10-Jan-19,305.3,305.1,307.5,303.5,305.4,305.55,305.6,16295468,4979912228,105369
SBIN,EQ,11-Jan-19,305.55,305.4,306.2,300.95,301.65,302.75,303.57,12702551,3856075154,113356
SBIN,EQ,14-Jan-19,302.75,301,303.6,299.55,300.5,300.4,301.15,10372933,3123839337,96381
SBIN,EQ,15-Jan-19,300.4,302,303.6,301.1,301.65,301.65,302.2,9444374,2854071607,63046
SBIN,EQ,16-Jan-19,301.65,303,306.65,302.1,303,303.15,304.5,12111480,3687969244,78064
SBIN,EQ,17-Jan-19,303.15,303.9,304.35,295.6,297.4,297.4,298.93,15974634,4775250912,98812
SBIN,EQ,18-Jan-19,297.4,298.75,299.85,294.25,295.3,294.95,297.21,9082501,2699375597,84248
SBIN,EQ,21-Jan-19,294.95,295.9,296.75,291.45,292.3,292.45,294.06,10188647,2996093601,78580
SBIN,EQ,22-Jan-19,292.45,293,293,288.2,290.85,290.25,290.18,11297989,3278440415,105223
SBIN,EQ,23-Jan-19,290.25,290.45,292.95,285.5,286.2,286.65,289.24,10304608,2980486892,86994
SBIN,EQ,24-Jan-19,286.65,286.65,289.9,285.5,288.15,288.05,287.7,11532528,3317949367,77968
SBIN,EQ,25-Jan-19,288.05,289.6,291,283.2,285.65,285.4,288.24,11121223,3205631967,81514
SBIN,EQ,28-Jan-19,285.4,285.65,286.6,277.3,282.5,281.6,281.3,18905470,5318155927,128898
SBIN,EQ,29-Jan-19,281.6,281,286,276.55,281.45,280.6,282.25,17435611,4921152958,118187
SBIN,EQ,30-Jan-19,280.6,281.2,289.4,280.25,287.35,287.45,285.36,18908654,5395790127,143925
SBIN,EQ,31-Jan-19,287.45,290,294.8,288,294.8,293.65,291.77,25546487,7453807919,172059
SBIN,EQ,01-Feb-19,293.65,296.9,302.7,282,282.6,284.4,291.96,60015958,17522247330,371608
SBIN,EQ,04-Feb-19,284.4,282.4,285.2,277.85,284.1,283.95,282,20642919,5821380715,165027
SBIN,EQ,05-Feb-19,283.95,284.2,287,283,284.5,284.65,285.21,13291133,3790708172,109065
SBIN,EQ,06-Feb-19,284.65,285.85,289.75,283.5,289.45,289.05,286.98,12149759,3486779035,115663
SBIN,EQ,07-Feb-19,289.05,289.4,294,286.6,287,287.4,290.17,19733315,5726002165,137834
SBIN,EQ,08-Feb-19,287.4,285.6,288,282.2,286.55,286,285.03,19781908,5638351088,110716
SBIN,EQ,11-Feb-19,286,285.95,285.95,280,280.45,280.5,282.05,15420017,4349291875,119512
SBIN,EQ,12-Feb-19,280.5,280.65,282.2,274.65,275.1,275.4,279.25,15326106,4279748127,107018
SBIN,EQ,13-Feb-19,275.4,276.5,276.7,266.7,267,268.2,271.46,18662893,5066196440,127592
SBIN,EQ,14-Feb-19,268.2,268,268.35,263.65,267.5,267.1,266.33,26372671,7023938136,177357
SBIN,EQ,15-Feb-19,267.1,268.85,268.85,261.3,262.8,262.95,264.01,23366091,6168997745,158152
SBIN,EQ,18-Feb-19,262.95,264.4,265.5,258.8,259.5,259.95,262.46,14781744,3879557859,128502
SBIN,EQ,19-Feb-19,259.95,260.9,267.5,260.3,262.75,262.9,264.23,19064306,5037317734,165374
SBIN,EQ,20-Feb-19,262.9,264.5,268.3,264.3,268,267.7,266.29,15514595,4131307694,134477
SBIN,EQ,21-Feb-19,267.7,270.3,271,267.3,268,268,269.15,13760702,3703727871,102689
SBIN,EQ,22-Feb-19,268,267.9,271.9,267.6,270.8,270.95,270.17,12536918,3387154585,93599
SBIN,EQ,25-Feb-19,270.95,271.3,271.4,267.9,270.15,270.15,269.49,20793897,5603778273,179172
SBIN,EQ,26-Feb-19,270.15,266.8,268.2,263.25,266.15,266.35,265.93,15274303,4061864344,113275
SBIN,EQ,27-Feb-19,266.35,268,272.7,266.55,267.6,267.65,269.18,20571652,5537482706,162785
SBIN,EQ,28-Feb-19,267.65,267.7,270.8,267.65,269.15,269.05,269.19,31636468,8516219467,140073
SBIN,EQ,01-Mar-19,269.05,270.55,274.6,270.1,272.85,272.95,272.87,20024726,5464233270,103387
SBIN,EQ,05-Mar-19,272.95,271.7,277.85,271.2,275.95,276.45,275.82,21533972,5939426809,181828
SBIN,EQ,06-Mar-19,276.45,277.3,282.55,276.45,278.1,278.1,279.31,22161376,6189988986,135192
SBIN,EQ,07-Mar-19,278.1,279.45,282.5,277.65,281.95,281.75,280.16,14899105,4174201073,100561
SBIN,EQ,08-Mar-19,281.75,281.85,284.25,279.6,281.5,281.2,282.38,19943319,5631654413,132214
SBIN,EQ,11-Mar-19,281.2,285.3,289,283.5,286.95,287.35,287.26,22931245,6587152218,133900
SBIN,EQ,12-Mar-19,287.35,289.2,289.9,285.75,287.3,286.9,287.68,20828136,5991831530,152809
SBIN,EQ,13-Mar-19,286.9,288.1,294.4,284.7,293.85,293.15,288.93,23725641,6855125625,129887
SBIN,EQ,14-Mar-19,293.15,294.5,294.7,290.75,292.1,291.9,292.34,16164017,4725414640,121789
SBIN,EQ,15-Mar-19,291.9,292.6,301.3,292.5,297.8,298.4,298.17,37928480,11309110534,195292
SBIN,EQ,18-Mar-19,298.4,298.9,300.9,294.65,299.3,298.95,297.45,23782967,7074133424,135389
SBIN,EQ,19-Mar-19,298.95,300.15,306.6,299.15,302.75,303.05,303.41,27218691,8258345809,192468
SBIN,EQ,20-Mar-19,303.05,302.8,304.65,300.05,304.05,303.8,302.61,18820555,5695199922,129192
SBIN,EQ,22-Mar-19,303.8,304.3,306.4,296.95,297.9,298.05,302.13,17865957,5397823115,114776
SBIN,EQ,25-Mar-19,298.05,294,295.45,292.2,293.95,294,293.78,16895511,4963634134,82455
SBIN,EQ,26-Mar-19,294,294.75,305,294.75,304.8,303.5,299.7,18303791,5485556948,106963
SBIN,EQ,27-Mar-19,303.5,305.25,310.85,304.35,308,308.8,308.12,35956450,11078728784,237634
SBIN,EQ,28-Mar-19,308.8,310.1,339.65,309.05,319.2,319,315.18,63244736,19933755213,269672
SBIN,EQ,29-Mar-19,319,321.1,323,316.25,320.55,320.75,319.43,30394717,9709065881,195107
SBIN,EQ,01-Apr-19,320.75,321.8,327.65,321.05,321.4,322.75,324.12,22372357,7251367799,152113
SBIN,EQ,02-Apr-19,322.75,323.65,331,322.1,330.9,329,327.03,27897583,9123416379,190698
SBIN,EQ,03-Apr-19,329,331,332.45,319.5,321.1,320.5,326,30552104,9959892558,190240
SBIN,EQ,04-Apr-19,320.5,321.5,325.75,318.3,322.3,321.8,321.68,27832294,8953012536,198067
SBIN,EQ,05-Apr-19,321.8,323.7,323.7,315,317.7,317.05,317.84,23117232,7347579600,155709
SBIN,EQ,08-Apr-19,317.05,318.25,319.25,311.1,312.75,312.8,314.81,17394139,5475884002,133027
SBIN,EQ,09-Apr-19,312.8,313.95,315.7,308.1,314.6,314.75,311.8,25556039,7968385312,183556
SBIN,EQ,10-Apr-19,314.75,314.85,317.05,310,310.7,310.9,313.54,19237974,6031855790,141121
SBIN,EQ,11-Apr-19,310.9,311,315.4,308.7,315.4,314.9,312.15,14897935,4650359814,128498
SBIN,EQ,12-Apr-19,314.9,314.6,316.4,311.2,314.5,315.25,313.85,14751964,4629839175,93648
SBIN,EQ,15-Apr-19,315.25,315.5,318.7,313.75,315.9,315.6,316.65,13864791,4390314052,90118
SBIN,EQ,16-Apr-19,315.6,316.6,319.4,314.7,315.65,315.75,316.8,14940726,4733230522,121950
SBIN,EQ,18-Apr-19,315.75,315.8,315.8,308.05,310.2,310.8,310.88,15691168,4878068516,104414
SBIN,EQ,22-Apr-19,310.8,308.8,312.3,306.35,309.9,310.05,309.37,15665440,4846406251,122903
SBIN,EQ,23-Apr-19,310.05,310.05,313.75,304.6,305.45,305.25,309.75,17324274,5366272067,154431
SBIN,EQ,24-Apr-19,305.25,305.85,311.95,303.6,310.75,310.75,306.84,15228591,4672690329,100240
SBIN,EQ,25-Apr-19,310.75,311,312,305.4,306.5,306.2,307.6,30842477,9487109728,112779
SBIN,EQ,26-Apr-19,306.2,306.9,313.5,306.6,311.9,312.5,310.08,14987906,4647450578,101049
SBIN,EQ,30-Apr-19,312.5,312,312,305,311.35,309.95,308,18178758,5599146348,119413
SBIN,EQ,02-May-19,309.95,308.05,311.4,305.65,307.9,308.15,308.36,16640100,5131073102,115380
SBIN,EQ,03-May-19,308.15,309,311.8,308.8,309.7,310,310.33,12452689,3864468187,128941
SBIN,EQ,06-May-19,310,306.8,310.3,305.9,308.6,308.75,308.38,10639216,3280893747,75642
SBIN,EQ,07-May-19,308.75,310.7,313.4,303.75,305.2,305.45,310.07,15219845,4719206887,112752
SBIN,EQ,08-May-19,305.45,303.95,305.3,296.75,298.45,298.25,301.51,22103678,6664560411,125035
SBIN,EQ,09-May-19,298.25,297.6,301,296.1,299.7,299.3,299.03,12654440,3784084633,91232
SBIN,EQ,10-May-19,299.3,301.8,310.75,292.45,306.9,308.05,303.16,60739833,18413728917,340871
SBIN,EQ,13-May-19,308.05,310,314.2,305.3,307.95,306.9,310.31,40101505,12443874196,215347
SBIN,EQ,14-May-19,306.9,307.85,316.75,305.1,316,314.65,310.56,30521436,9478792328,175034
SBIN,EQ,15-May-19,314.65,316.2,317.9,311,311.6,312.1,314.87,27932459,8795174941,181665
SBIN,EQ,16-May-19,312.1,312.5,317.1,309.55,316.3,315.75,312.43,18147559,5669779711,135546
SBIN,EQ,17-May-19,315.75,315.65,321.95,313.45,321,319.25,316.78,25838962,8185256263,157357
SBIN,EQ,20-May-19,319.25,332,345.8,331,345.8,344.7,340.61,53207071,18122778181,376151
SBIN,EQ,21-May-19,344.7,345.9,347.55,336.25,336.95,337.55,340.45,33457162,11390488858,215071
SBIN,EQ,22-May-19,337.55,338.9,342.6,333.55,342.5,341.1,337.36,32002499,10796304675,213367
SBIN,EQ,23-May-19,341.1,353,364,339.2,342.2,342.2,353.76,74413322,26324688599,419507
SBIN,EQ,24-May-19,342.2,344.95,357,343.5,356,355.35,350.43,35703403,12511417094,240382
SBIN,EQ,27-May-19,355.35,355.05,362.5,354,360.3,361.7,359.78,31374994,11288163857,178782
SBIN,EQ,28-May-19,361.7,360.95,361.7,356.65,360.25,360.05,359.28,23501608,8443650447,192541
SBIN,EQ,29-May-19,360.05,358,359,347.15,348.2,348.65,350.64,28370210,9947700968,245443
SBIN,EQ,30-May-19,348.65,349.75,355,347.5,354,353.55,351.39,25712604,9035050423,162870
SBIN,EQ,31-May-19,353.55,354.35,357.9,344.65,352.5,352.5,352.59,32588069,11490203926,207738
SBIN,EQ,03-Jun-19,352.5,352.35,356.45,349.65,355.75,355.45,352.68,18380919,6482533760,138767
SBIN,EQ,04-Jun-19,355.45,354,357.2,351.4,352.8,352.4,354.08,18130636,6419676333,153710
SBIN,EQ,06-Jun-19,352.4,349,349.6,335.9,336.3,336.9,342.86,41941144,14379836083,273785
SBIN,EQ,07-Jun-19,336.9,337,342.75,336,342.2,342.05,339.42,29739710,10094126130,177067
SBIN,EQ,10-Jun-19,342.05,346,347.3,340.15,344.95,344.3,343.46,20500542,7041068196,133422
SBIN,EQ,11-Jun-19,344.3,345.05,348.3,342.85,347.85,347.1,345.6,16281297,5626799692,110995
SBIN,EQ,12-Jun-19,347.1,346.95,346.95,342.3,345.4,344,344.09,11564970,3979351809,87606
SBIN,EQ,13-Jun-19,344,343,347.45,339.8,346,346.5,343.63,15509948,5329711715,101203
SBIN,EQ,14-Jun-19,346.5,345.5,346.35,342.55,343.5,343.8,344.46,10347594,3564381107,78119
SBIN,EQ,17-Jun-19,343.8,343.75,343.75,336.95,338.1,337.85,340.23,13779496,4688197633,88557
SBIN,EQ,18-Jun-19,337.85,335.5,344,333.8,340.8,340.05,338.95,21957480,7442519507,143181
SBIN,EQ,19-Jun-19,340.05,343.1,345.2,335.5,338.7,338.85,340.29,16416903,5586439368,111210
SBIN,EQ,20-Jun-19,338.85,341,346.25,335.6,346,345.15,340.31,20626861,7019550383,149410
SBIN,EQ,21-Jun-19,345.15,344.8,350.7,343.15,349.1,349.4,348.05,24749090,8613800661,153425
SBIN,EQ,24-Jun-19,349.4,350,354.75,349.65,353.1,353.2,352.41,17919504,6315079208,140472
SBIN,EQ,25-Jun-19,353.2,352.7,357,351.25,356.75,356.55,354.17,15922634,5639330397,108121
SBIN,EQ,26-Jun-19,356.55,355.75,359,354.3,357.4,358.15,357.07,15835579,5654425263,120114
SBIN,EQ,27-Jun-19,358.15,358.1,363,357.25,362,362.15,360.79,29658120,10700368072,168270
SBIN,EQ,28-Jun-19,362.15,362.2,365,358.7,362.8,361.25,362.44,22708464,8230515102,162518
SBIN,EQ,01-Jul-19,361.25,362.8,363,358.5,361.5,361.55,360.59,12348793,4452830093,86434
SBIN,EQ,02-Jul-19,361.55,362.15,365,360.35,364.25,364.5,362.7,14482172,5252756145,132435
SBIN,EQ,03-Jul-19,364.5,365.25,366.7,363,366.1,366.15,365.23,12626285,4611494697,100408
SBIN,EQ,04-Jul-19,366.15,367.25,370.9,366.2,367.6,367.4,368.93,19252646,7102789459,152810
SBIN,EQ,05-Jul-19,367.4,369.45,373.6,366,369.75,370.65,369.99,30019347,11106878273,188280
SBIN,EQ,08-Jul-19,370.65,368,368.45,353.5,355.9,355.3,357.82,27247892,9749751410,224600
SBIN,EQ,09-Jul-19,355.3,353.5,360,352.5,359.8,359.5,357.38,16579914,5925327670,114010
SBIN,EQ,10-Jul-19,359.5,360.55,361.5,351.3,354.7,354.2,355.21,18681819,6635920134,151338
SBIN,EQ,11-Jul-19,354.2,358.5,364,357,363,363.2,360.31,20048321,7223561119,133620
SBIN,EQ,12-Jul-19,363.2,363,366.55,361.5,363.3,363.6,363.8,14661748,5333916407,129034
SBIN,EQ,15-Jul-19,363.6,364.1,365,357.6,360.25,360.05,359.93,15665939,5638637156,109480
SBIN,EQ,16-Jul-19,360.05,358.5,366,357.65,363.95,364.35,363.92,16251836,5914336822,135404
SBIN,EQ,17-Jul-19,364.35,364.05,373.55,363.05,373,372.4,368.61,17545177,6467241917,145722
SBIN,EQ,18-Jul-19,372.4,371.95,373.8,362.55,364.3,363.65,368.06,21691056,7983513605,168992
SBIN,EQ,19-Jul-19,363.65,365.1,366.05,355.15,357.25,356,358.73,22213173,7968623078,164373
SBIN,EQ,22-Jul-19,356,356,359.55,348.7,351.1,350.85,353.24,19682038,6952525094,169091
SBIN,EQ,23-Jul-19,350.85,351.2,353,341,342.1,342.2,346.05,27956145,9674088371,205339
SBIN,EQ,24-Jul-19,342.2,341.85,344.7,336.25,340.05,339.6,340.65,20823143,7093505268,166489
SBIN,EQ,25-Jul-19,339.6,341.7,343.2,337.4,341.45,341.3,340.48,19857643,6761039210,155039
SBIN,EQ,26-Jul-19,341.3,340.8,346.15,340.5,342.8,342.6,343.39,16139052,5542067375,119691
SBIN,EQ,29-Jul-19,342.6,343.95,346.55,336.8,343.3,343.8,341.7,17060483,5829496625,162104
SBIN,EQ,30-Jul-19,343.8,344.4,346.7,325.85,327.35,327.55,335.32,24437235,8194341419,192250
SBIN,EQ,31-Jul-19,327.55,325.1,333.2,323.9,332.5,332.2,328.94,22741445,7480467703,197157
SBIN,EQ,01-Aug-19,332.2,330.8,331.5,311.35,316.6,317.15,319.67,40853304,13059773181,243033
SBIN,EQ,02-Aug-19,317.15,315.55,322.25,307.05,307.95,308.45,314.7,64472348,20289455105,421871
SBIN,EQ,05-Aug-19,308.45,298.45,302.85,291.7,299.8,300.25,297.37,48815899,14516190896,375572
SBIN,EQ,06-Aug-19,300.25,298.8,304.25,297.25,301.4,301.4,301.27,30442970,9171462944,230966
SBIN,EQ,07-Aug-19,301.4,302.4,302.45,288.8,289.05,289.9,295.8,30820114,9116661874,232244
SBIN,EQ,08-Aug-19,289.9,290,295.5,285.6,295.2,294.35,290.32,32929233,9559948985,251938
SBIN,EQ,09-Aug-19,294.35,296.3,298,290.05,291.85,291.35,294.37,23377581,6881753326,176813
SBIN,EQ,13-Aug-19,291.35,290.9,291.55,282.5,283,283.35,287.06,24231272,6955786093,187371
SBIN,EQ,14-Aug-19,283.35,285.05,291.25,284.5,289,289.75,288.44,18523649,5342961725,161888
SBIN,EQ,16-Aug-19,289.75,287.95,292.8,284.3,290.3,290.9,288.71,20047399,5787837945,152551
SBIN,EQ,19-Aug-19,290.9,292,292.4,286,286.55,286.85,288.64,19831459,5724221300,168696
SBIN,EQ,20-Aug-19,286.85,287.3,287.4,280.65,283.85,283.7,283.06,23204417,6568227548,163952
SBIN,EQ,21-Aug-19,283.7,285.5,285.6,276.3,276.8,277.4,280.52,28226325,7918022036,179601
SBIN,EQ,22-Aug-19,277.4,278.3,278.3,267.3,268,268.55,272.68,27728925,7561178237,171239
SBIN,EQ,23-Aug-19,268.55,267.1,275.25,262.7,271.35,271.1,269.82,35212444,9501058683,225358
SBIN,EQ,26-Aug-19,271.1,288,288,270,279.55,280.2,277.11,64066440,17753747005,387730
SBIN,EQ,27-Aug-19,280.2,284,288,282.6,285.85,285.7,285.13,45164811,12877858696,323509
SBIN,EQ,28-Aug-19,285.7,286.65,286.65,282.2,285.4,284.9,284.45,18979998,5398942456,128376
SBIN,EQ,29-Aug-19,284.9,283.2,284.3,273.3,275.5,274.5,277.91,27083514,7526914316,196887
SBIN,EQ,30-Aug-19,274.5,275.95,277.95,266.85,273.4,273.85,271.74,45702652,12419446236,320718
SBIN,EQ,03-Sep-19,273.85,272,272,266.95,268.15,268.4,268.86,21241863,5711000909,174595
SBIN,EQ,04-Sep-19,268.4,269.7,275.85,267.25,274.8,275.1,272.73,27309675,7448253199,173305
SBIN,EQ,05-Sep-19,275.1,275,276.35,271.05,273.5,273.3,273.54,25085139,6861802592,152118
SBIN,EQ,06-Sep-19,273.3,275.05,277,272.1,273.5,273.95,274.82,16675146,4582664399,135656
SBIN,EQ,09-Sep-19,273.95,273.95,278.7,271,277.9,278,276.53,18616889,5148085057,136590
SBIN,EQ,11-Sep-19,278,278.5,285.85,278.5,285.2,285.25,283.25,20999669,5948164601,180778
SBIN,EQ,12-Sep-19,285.25,286.75,288.8,284.15,285.95,287.05,287.03,21964832,6304556952,160923
SBIN,EQ,13-Sep-19,287.05,285,292.5,282,291.9,291.7,286.52,27303181,7823035885,177127
SBIN,EQ,16-Sep-19,291.7,288.2,290.45,283.8,284.3,284.7,286.9,18267680,5241026312,168910
SBIN,EQ,17-Sep-19,284.7,285,286.45,273,274.15,273.95,279.87,21533362,6026537241,179478
SBIN,EQ,18-Sep-19,273.95,277.2,282.95,274.4,280.4,280.4,279.19,25478758,7113474303,184875
SBIN,EQ,19-Sep-19,280.4,279.95,279.95,273.05,274.5,274.05,276.25,23387797,6460886045,305798
SBIN,EQ,20-Sep-19,274.05,274.5,307.65,268.4,301.75,301.7,291.6,84481749,24634933525,458744
SBIN,EQ,23-Sep-19,301.7,307.55,316,300.4,313.7,313.75,309.38,54178171,16761790472,343046
SBIN,EQ,24-Sep-19,313.75,313.15,315.15,300.8,301,302.6,306.89,40096711,12305138122,295476
SBIN,EQ,25-Sep-19,302.6,297,297.5,278.7,279.3,280.25,286.26,73063465,20915021668,445272
SBIN,EQ,26-Sep-19,280.25,281.5,289.9,277,282.75,281.85,283.31,79005946,22382863875,422630
SBIN,EQ,27-Sep-19,281.85,282.7,286.05,280,281,281.2,282.62,37851718,10697839565,283879
SBIN,EQ,30-Sep-19,281.2,281.4,281.85,270.15,271,270.8,273.33,41094131,11232402064,274645
SBIN,EQ,01-Oct-19,270.8,272.75,275.5,245.55,256.25,255.95,261.16,79350077,20722795467,512954
SBIN,EQ,03-Oct-19,255.95,254,260.7,250.1,255.35,254.15,254.98,56207921,14332058919,414174
SBIN,EQ,04-Oct-19,254.15,258.5,260.5,248.55,249.65,249.95,254.5,60029186,15277611966,433656
SBIN,EQ,07-Oct-19,249.95,251.5,253.4,246.85,249.05,249.1,250.25,39160623,9799856794,286725
SBIN,EQ,09-Oct-19,249.1,250.1,262,244.35,261.8,260.95,253.67,60328507,15303389996,419848
SBIN,EQ,10-Oct-19,260.95,258,258,252.6,254.15,254.15,254.67,37577511,9569975851,235851
SBIN,EQ,11-Oct-19,254.15,256.2,261.4,251.5,254.65,254.55,256.05,43272106,11079683816,269217
SBIN,EQ,14-Oct-19,254.55,256.95,259.4,254,255.3,255.45,257.29,28265136,7272416952,179273
SBIN,EQ,15-Oct-19,255.45,256.45,259.9,254.8,258.5,258.45,257.06,23444973,6026737032,158570
SBIN,EQ,16-Oct-19,258.45,259.3,261.95,255,255.95,256.05,258.26,30892295,7978237659,208840
SBIN,EQ,17-Oct-19,256.05,256.4,266,255.6,265.3,265.45,261.38,37061013,9686892846,252073
SBIN,EQ,18-Oct-19,265.45,264.4,271.35,263.2,269.2,269.65,268.5,33203721,8915263048,203094
SBIN,EQ,22-Oct-19,269.65,270.4,275,268.5,270.35,270.5,272.33,27574295,7509443391,187557
SBIN,EQ,23-Oct-19,270.5,270.75,277.8,268.65,275.35,275.45,274.85,31789622,8737276546,209460
SBIN,EQ,24-Oct-19,275.45,276,277.65,248.65,263.05,262.5,266.02,63943183,17009984319,434945
SBIN,EQ,25-Oct-19,262.5,265.8,284.15,263.55,282.35,281.55,276.42,105518180,29166864834,598440
SBIN,EQ,27-Oct-19,281.55,284.95,284.95,280.25,281.3,281.8,282.94,12185529,3447723849,98481
SBIN,EQ,29-Oct-19,281.8,283.15,285,278.55,280.8,280.65,282.21,51033578,14402275121,272560
SBIN,EQ,30-Oct-19,280.65,283,291,279.25,290.4,289.9,286.86,51469048,14764266108,306035
SBIN,EQ,31-Oct-19,289.9,293.35,317.8,292.75,312.5,312.4,307.08,128449327,39443633461,656753
SBIN,EQ,01-Nov-19,312.4,312.4,315,308.6,313.6,313.55,312.59,44894016,14033199011,306655
SBIN,EQ,04-Nov-19,313.55,316,319,312.35,314,314.3,315.6,31535656,9952586227,222448
SBIN,EQ,05-Nov-19,314.3,313.9,322,312.8,319,319.2,318.8,50080853,15965706969,324664
SBIN,EQ,06-Nov-19,319.2,318.95,318.95,314,317.5,317.55,316.95,32157080,10192265347,201117
SBIN,EQ,07-Nov-19,317.55,318.25,323.3,316.8,318.05,318.15,319.56,33926772,10841795640,232988
SBIN,EQ,08-Nov-19,318.15,316.2,321,314.5,316.35,316,317.47,25423362,8071058813,175265
SBIN,EQ,11-Nov-19,316,314.7,319.65,313.1,318.85,318.25,316.64,20491942,6488611926,173967
SBIN,EQ,13-Nov-19,318.25,316.05,318.6,305.65,306.85,306.8,312.08,32675829,10197352105,243915
SBIN,EQ,14-Nov-19,306.8,306.95,309.5,299.7,306.25,306,304.73,43617772,13291632583,230195
SBIN,EQ,15-Nov-19,306,312,323.7,310.05,322.95,321.9,318.93,95199897,30361910040,508263
SBIN,EQ,18-Nov-19,321.9,324,329.85,323.75,324.95,325.1,326.69,39009263,12744126198,266937
SBIN,EQ,19-Nov-19,325.1,325.8,331.8,322.1,331.4,330.4,327.4,41372145,13545297710,225870
SBIN,EQ,20-Nov-19,330.4,332,332.5,325.1,327.8,328.8,328.72,29972583,9852581076,169277
SBIN,EQ,21-Nov-19,328.8,329.25,332.85,326.55,331.95,331.35,330.65,34116162,11280549150,220874
SBIN,EQ,22-Nov-19,331.35,331.45,333.8,328.25,329.35,329.3,330.33,28974967,9571164196,142825
SBIN,EQ,25-Nov-19,329.3,329,337.5,328.35,336,336.1,333.83,27561300,9200905485,174615
SBIN,EQ,26-Nov-19,336.1,338,340,332.6,335.4,335.5,337,36464072,12288430645,206190
SBIN,EQ,27-Nov-19,335.5,335.95,345.55,334.05,345.1,343.55,338.92,33971305,11513585817,208212
SBIN,EQ,28-Nov-19,343.55,346.85,351,344.5,349.1,349.3,348.23,42538227,14813293401,266107
SBIN,EQ,29-Nov-19,349.3,348.85,348.85,340.6,342,341.85,344.22,23081823,7945313603,182304
SBIN,EQ,02-Dec-19,341.85,343.9,344.35,336.2,339.5,338.5,339.3,20648850,7006117201,142680
SBIN,EQ,03-Dec-19,338.5,341,342.95,333.35,336.5,336.25,337.9,26482178,8948352640,180722
SBIN,EQ,04-Dec-19,336.25,334.1,342.95,331.85,341.5,341.85,337.83,26789483,9050174824,187289
SBIN,EQ,05-Dec-19,341.85,343,344.6,335.15,336,336.2,338.88,30429507,10312041017,217025
SBIN,EQ,06-Dec-19,336.2,336.7,337.65,318,318.2,320,325.07,47027528,15287224870,399338
SBIN,EQ,09-Dec-19,320,318.95,327.65,314.75,317.05,316.7,320.65,52435239,16813556955,346470
SBIN,EQ,10-Dec-19,316.7,317.2,322.65,312.25,313.2,313.4,317.56,52155809,16562756794,304771
SBIN,EQ,11-Dec-19,313.4,311.2,315.75,308,311.75,312.8,312.23,52557951,16410249206,303209
SBIN,EQ,12-Dec-19,312.8,314,322.95,313.55,321.45,321.85,317.89,37804216,12017627902,234427
SBIN,EQ,13-Dec-19,321.85,325.2,333.45,325,333.15,332.55,329.84,40955226,13508848441,252185
SBIN,EQ,16-Dec-19,332.55,335.95,337.25,330.8,332.3,331.85,333.33,35027613,11675699798,245635
SBIN,EQ,17-Dec-19,331.85,333.25,335.75,330.65,333.55,332.9,333.79,26734601,8923796061,184237
SBIN,EQ,18-Dec-19,332.9,335,335.55,325.8,327.2,326.95,328.8,26449075,8696405934,196530
SBIN,EQ,19-Dec-19,326.95,327.35,329.6,324.5,328.3,328.15,327.19,27516289,9002958328,171554
SBIN,EQ,20-Dec-19,328.15,330.35,339.5,330.35,337.25,337.85,336.38,51839714,17438059881,320799
SBIN,EQ,23-Dec-19,337.85,335.7,338.85,330.35,332.4,332.4,334.27,30150335,10078492861,176514
SBIN,EQ,24-Dec-19,332.4,333.2,334.2,329.2,331.95,331.45,331.35,21747782,7206207419,134272
SBIN,EQ,26-Dec-19,331.45,333,333.45,328.1,330.2,329.85,330.09,24616942,8125696269,139034
SBIN,EQ,27-Dec-19,329.85,333.4,338.35,333,337.2,337.25,336.68,33477173,11271063364,209260
